brennopecoraro@hotmail.com:brenno22
brycemurdock08@icloud.com:picklewiener69
brycemurdock08@icloud.com:picklewiener69
brycemurdock08@icloud.com:picklewiener69
narjis.nb@gmail.com:narjis591
narjis.nb@gmail.com:narjis591
jjrmolina95@gmail.com:Jayleo95
fabio.dangelo@bluewin.ch:Fabio007
fabio.dangelo@bluewin.ch:Fabio007
fabio.dangelo@bluewin.ch:Fabio007
ralphdougson@gmail.com:Mr1ziggy
ralphdougson@gmail.com:Mr1ziggy
ralphdougson@gmail.com:Mr1ziggy
brycemurdock08@icloud.com:picklewiener69
brycemurdock08@icloud.com:picklewiener69
brycemurdock08@icloud.com:picklewiener69
mahmuttuncmar@gmail.com:boklugraves31
mahmuttuncmar@gmail.com:boklugraves31
kaiachilles1009@gmail.com:achilles109
kaiachilles1009@gmail.com:achilles109
kaiachilles1009@gmail.com:achilles109
jimcorbettt@yahoo.com:Leslik01
jimcorbettt@yahoo.com:Leslik01
jimcorbettt@yahoo.com:Leslik01
brycemurdock08@icloud.com:picklewiener69
ralphdougson@gmail.com:Mr1ziggy
ralphdougson@gmail.com:Mr1ziggy
ralphdougson@gmail.com:Mr1ziggy
suazoroberto51@gmail.com:murdaland202
narjis.nb@gmail.com:narjis591
narjis.nb@gmail.com:narjis591
narjis.nb@gmail.com:narjis591
jacquelin.mendoza@gmail.com:jacquelin4
jacquelin.mendoza@gmail.com:jacquelin4
jacquelin.mendoza@gmail.com:jacquelin4
ralphdougson@gmail.com:Mr1ziggy
ralphdougson@gmail.com:Mr1ziggy
ralphdougson@gmail.com:Mr1ziggy
ralphdougson@gmail.com:Mr1ziggy
michelle.berglund@icloud.com:Michelle09
michelle.berglund@icloud.com:Michelle09
michelle.berglund@icloud.com:Michelle09
addisonharkness@gmail.com:Etha3000
zeynuronder@hotmail.com:zeynur13
zeynuronder@hotmail.com:zeynur13
brailynryan@hotmail.com:brailyn123
brailynryan@hotmail.com:brailyn123
narjis.nb@gmail.com:narjis591
narjis.nb@gmail.com:narjis591
narjis.nb@gmail.com:narjis591
narjis.nb@gmail.com:narjis591
narjis.nb@gmail.com:narjis591
zeynuronder@hotmail.com:zeynur13
narjis.nb@gmail.com:narjis591
zeynuronder@hotmail.com:zeynur13
zeynuronder@hotmail.com:zeynur13
mahmuttuncmar@gmail.com:boklugraves31
mahmuttuncmar@gmail.com:boklugraves31
mahmuttuncmar@gmail.com:boklugraves31
mariselatorre@gmail.com:Marissadlt5
mariselatorre@gmail.com:Marissadlt5
mariselatorre@gmail.com:Marissadlt5
brycemurdock08@icloud.com:picklewiener69
brycemurdock08@icloud.com:picklewiener69
brycemurdock08@icloud.com:picklewiener69
drewmattox45@yahoo.com:Whooty96
drewmattox45@yahoo.com:Whooty96
luna.diaspereira@gmail.com:louloutedp070908
luna.diaspereira@gmail.com:louloutedp070908
luna.diaspereira@gmail.com:louloutedp070908
zeynuronder@hotmail.com:zeynur13
zeynuronder@hotmail.com:zeynur13
jamiebatho@gmail.com:rafago1254
jamiebatho@gmail.com:rafago1254
jamiebatho@gmail.com:rafago1254
elyoung1999@gmail.com:Ely20310
elyoung1999@gmail.com:Ely20310
artem9212@gmail.com:huy123wam
artem9212@gmail.com:huy123wam
artem9212@gmail.com:huy123wam
jacquelin.mendoza@gmail.com:jacquelin4
jacquelin.mendoza@gmail.com:jacquelin4
isabelamc31@gmail.com:isabela3107
isabelamc31@gmail.com:isabela3107
isabelamc31@gmail.com:isabela3107
mahmuttuncmar@gmail.com:boklugraves31
valquiria-taina2011@hotmail.com:escola123
valquiria-taina2011@hotmail.com:escola123
valquiria-taina2011@hotmail.com:escola123
mahmuttuncmar@gmail.com:boklugraves31
mahmuttuncmar@gmail.com:boklugraves31
mahmuttuncmar@gmail.com:boklugraves31
ralphdougson@gmail.com:Mr1ziggy
ralphdougson@gmail.com:Mr1ziggy
ralphdougson@gmail.com:Mr1ziggy
mahmuttuncmar@gmail.com:boklugraves31
mahmuttuncmar@gmail.com:boklugraves31
mahmuttuncmar@gmail.com:boklugraves31
abigail.richie@gmail.com:sillybaby2647
abigail.richie@gmail.com:sillybaby2647
abigail.richie@gmail.com:sillybaby2647
zeynuronder@hotmail.com:zeynur13
zeynuronder@hotmail.com:zeynur13
zeynuronder@hotmail.com:zeynur13
artem9212@gmail.com:huy123wam
artem9212@gmail.com:huy123wam
artem9212@gmail.com:huy123wam
addisonharkness@gmail.com:Etha3000
addisonharkness@gmail.com:Etha3000
addisonharkness@gmail.com:Etha3000
jacquelin.mendoza@gmail.com:jacquelin4
jacquelin.mendoza@gmail.com:jacquelin4
jacquelin.mendoza@gmail.com:jacquelin4
ralphdougson@gmail.com:Mr1ziggy
kaiachilles1009@gmail.com:achilles109
ralphdougson@gmail.com:Mr1ziggy
kaiachilles1009@gmail.com:achilles109
ralphdougson@gmail.com:Mr1ziggy
mariselatorre@gmail.com:Marissadlt5
mariselatorre@gmail.com:Marissadlt5
mariselatorre@gmail.com:Marissadlt5
joannalylek@gmail.com:jojo3471
joannalylek@gmail.com:jojo3471
mahmuttuncmar@gmail.com:boklugraves31
mahmuttuncmar@gmail.com:boklugraves31
narjis.nb@gmail.com:narjis591
mahmuttuncmar@gmail.com:boklugraves31
mahmuttuncmar@gmail.com:boklugraves31
mahmuttuncmar@gmail.com:boklugraves31
michelle.berglund@icloud.com:Michelle09
michelle.berglund@icloud.com:Michelle09
michelle.berglund@icloud.com:Michelle09
valquiria-taina2011@hotmail.com:escola123
valquiria-taina2011@hotmail.com:escola123
jjrmolina95@gmail.com:Jayleo95
jjrmolina95@gmail.com:Jayleo95
jjrmolina95@gmail.com:Jayleo95
fridaher28@gmail.com:surpremeclapz21
fridaher28@gmail.com:surpremeclapz21
fridaher28@gmail.com:surpremeclapz21
addisonharkness@gmail.com:Etha3000
addisonharkness@gmail.com:Etha3000
addisonharkness@gmail.com:Etha3000
joannalylek@gmail.com:jojo3471
joannalylek@gmail.com:jojo3471
ralphdougson@gmail.com:Mr1ziggy
joannalylek@gmail.com:jojo3471
jjrmolina95@gmail.com:Jayleo95
jjrmolina95@gmail.com:Jayleo95
jjrmolina95@gmail.com:Jayleo95
jjrmolina95@gmail.com:Jayleo95
jjrmolina95@gmail.com:Jayleo95
jjrmolina95@gmail.com:Jayleo95
elabbarhamza@gmail.com:Sneake24
elabbarhamza@gmail.com:Sneake24
elabbarhamza@gmail.com:Sneake24
elabbarhamza@gmail.com:Sneake24
elabbarhamza@gmail.com:Sneake24
elabbarhamza@gmail.com:Sneake24
narjis.nb@gmail.com:narjis591
jamiebatho@gmail.com:rafago1254
thomasmonster@hotmail.com:Spacejack23ita
jamiebatho@gmail.com:rafago1254
thomasmonster@hotmail.com:Spacejack23ita
jamiebatho@gmail.com:rafago1254
thomasmonster@hotmail.com:Spacejack23ita
artem9212@gmail.com:huy123wam
artem9212@gmail.com:huy123wam
artem9212@gmail.com:huy123wam
kaiachilles1009@gmail.com:achilles109
kaiachilles1009@gmail.com:achilles109
kaiachilles1009@gmail.com:achilles109
fridaher28@gmail.com:surpremeclapz21
fridaher28@gmail.com:surpremeclapz21
fridaher28@gmail.com:surpremeclapz21
valquiria-taina2011@hotmail.com:escola123
valquiria-taina2011@hotmail.com:escola123
valquiria-taina2011@hotmail.com:escola123
elabbarhamza@gmail.com:Sneake24
zeynuronder@hotmail.com:zeynur13
brycemurdock08@icloud.com:picklewiener69
brycemurdock08@icloud.com:picklewiener69
brycemurdock08@icloud.com:picklewiener69
jacquelin.mendoza@gmail.com:jacquelin4
jacquelin.mendoza@gmail.com:jacquelin4
jacquelin.mendoza@gmail.com:jacquelin4
drewmattox45@yahoo.com:Whooty96
drewmattox45@yahoo.com:Whooty96
drewmattox45@yahoo.com:Whooty96
jacquelin.mendoza@gmail.com:jacquelin4
jacquelin.mendoza@gmail.com:jacquelin4
jacquelin.mendoza@gmail.com:jacquelin4
brailynryan@hotmail.com:brailyn123
brailynryan@hotmail.com:brailyn123
brailynryan@hotmail.com:brailyn123
brailynryan@hotmail.com:brailyn123
brailynryan@hotmail.com:brailyn123
brailynryan@hotmail.com:brailyn123
mahmuttuncmar@gmail.com:boklugraves31
mahmuttuncmar@gmail.com:boklugraves31
drewmattox45@yahoo.com:Whooty96
drewmattox45@yahoo.com:Whooty96
ralphdougson@gmail.com:Mr1ziggy
thomasmonster@hotmail.com:Spacejack23ita
ralphdougson@gmail.com:Mr1ziggy
thomasmonster@hotmail.com:Spacejack23ita
kaiachilles1009@gmail.com:achilles109
kaiachilles1009@gmail.com:achilles109
kaiachilles1009@gmail.com:achilles109
jimcorbettt@yahoo.com:Leslik01
jimcorbettt@yahoo.com:Leslik01
jimcorbettt@yahoo.com:Leslik01
jjrmolina95@gmail.com:Jayleo95
jjrmolina95@gmail.com:Jayleo95
bende00000@gmail.hu:bende13
bende00000@gmail.hu:bende13
bende00000@gmail.hu:bende13
suazoroberto51@gmail.com:murdaland202
suazoroberto51@gmail.com:murdaland202
jamiebatho@gmail.com:rafago1254
suazoroberto51@gmail.com:murdaland202
jamiebatho@gmail.com:rafago1254
zeynuronder@hotmail.com:zeynur13
zeynuronder@hotmail.com:zeynur13
zeynuronder@hotmail.com:zeynur13
kaiachilles1009@gmail.com:achilles109
kaiachilles1009@gmail.com:achilles109
kaiachilles1009@gmail.com:achilles109
kaiachilles1009@gmail.com:achilles109
kaiachilles1009@gmail.com:achilles109
kaiachilles1009@gmail.com:achilles109
kaiachilles1009@gmail.com:achilles109
kaiachilles1009@gmail.com:achilles109
zeynuronder@hotmail.com:zeynur13
drewmattox45@yahoo.com:Whooty96
abigail.richie@gmail.com:sillybaby2647
drewmattox45@yahoo.com:Whooty96
fabio.dangelo@bluewin.ch:Fabio007
drewmattox45@yahoo.com:Whooty96
addisonharkness@gmail.com:Etha3000
addisonharkness@gmail.com:Etha3000
artem9212@gmail.com:huy123wam
artem9212@gmail.com:huy123wam
artem9212@gmail.com:huy123wam
fabio.dangelo@bluewin.ch:Fabio007
narjis.nb@gmail.com:narjis591
elabbarhamza@gmail.com:Sneake24
narjis.nb@gmail.com:narjis591
elabbarhamza@gmail.com:Sneake24
narjis.nb@gmail.com:narjis591
elabbarhamza@gmail.com:Sneake24
kaiachilles1009@gmail.com:achilles109
kaiachilles1009@gmail.com:achilles109
kaiachilles1009@gmail.com:achilles109
joannalylek@gmail.com:jojo3471
abigail.richie@gmail.com:sillybaby2647
abigail.richie@gmail.com:sillybaby2647
abigail.richie@gmail.com:sillybaby2647
jjrmolina95@gmail.com:Jayleo95
jjrmolina95@gmail.com:Jayleo95
jjrmolina95@gmail.com:Jayleo95
suazoroberto51@gmail.com:murdaland202
suazoroberto51@gmail.com:murdaland202
suazoroberto51@gmail.com:murdaland202
drewmattox45@yahoo.com:Whooty96
drewmattox45@yahoo.com:Whooty96
drewmattox45@yahoo.com:Whooty96
drewmattox45@yahoo.com:Whooty96
jimcorbettt@yahoo.com:Leslik01
jimcorbettt@yahoo.com:Leslik01
addisonharkness@gmail.com:Etha3000
addisonharkness@gmail.com:Etha3000
addisonharkness@gmail.com:Etha3000
fridaher28@gmail.com:surpremeclapz21
fridaher28@gmail.com:surpremeclapz21
fridaher28@gmail.com:surpremeclapz21
brycemurdock08@icloud.com:picklewiener69
brycemurdock08@icloud.com:picklewiener69
brycemurdock08@icloud.com:picklewiener69
addisonharkness@gmail.com:Etha3000
addisonharkness@gmail.com:Etha3000
addisonharkness@gmail.com:Etha3000
narjis.nb@gmail.com:narjis591
narjis.nb@gmail.com:narjis591
narjis.nb@gmail.com:narjis591
mahmuttuncmar@gmail.com:boklugraves31
mahmuttuncmar@gmail.com:boklugraves31
mahmuttuncmar@gmail.com:boklugraves31
isabelamc31@gmail.com:isabela3107
isabelamc31@gmail.com:isabela3107
isabelamc31@gmail.com:isabela3107
elabbarhamza@gmail.com:Sneake24
elabbarhamza@gmail.com:Sneake24
elabbarhamza@gmail.com:Sneake24
