ankiarma@mundo-r.com:Amcr727272
cmtriunfo@ibest.com.br:cmtriunfo
johnmalam@onetel.net:gillow
lora70@consolidated.net:Ubndap70
casajapao2@terra.com.br:465465
plmarli@terra.com.br:Elisa123
alfaroemile@west-telecom.com:tcy89mtd
tavareslais@ig.com.br:la050194
desouzajr@ig.com.br:Anion6512
a3aojh33a@21cn.com:mnix2xwo82
paulinharte@ig.com.br:paluar115
pasusi@terra.com.br:maepa2020
bfawson@infowest.com:sherif
jan@kaergaard-lang.dk:mulle123
autoszkolenie@gazeta.pl:zapal11
dennisholzenburg@t-online.de:Holzenburg
cindy@jacksonfivestarcatering.com:anthony
oliversemp@t-online.de:n20o20x20
luke@cygnusmusic.net:Smeghead1
cripppton@t-online.de:kollegah1
angie-schumacher@t-online.de:Geheim16
rishab@livingstones.in:shivji
hartmann-olesen@mail.dk:2266ChO1219
annegret.sanz@t-online.de:Chica14067
ka_sia93@poczta.onet.pl:Siasia93
sv.meschede@t-online.de:pauline09
petterkristiansen@1337.no:petter82
dominikbernas@gazeta.pl:drago2390
julia19@lds.net.ua:mzv704gr
denis.monod@citycable.ch:BuffalO9
jsherwin@mistral.co.uk:bubble
arthuro.tra@ziggo.nl:Arthuro
ncristinadallacosta@terra.com.br:8047Casa
ntopiarytreasures@cox.net:bbasilr123
nchris.fredlund@bredband.net:Sak77ura
nbrownbaer@t-online.de:nokia6670
nleni-nitzsche@t-online.de:madeleine2000
nsilar@gazeta.pl:poldek12
nrsieke@t-online.de:btxtv1941
afgrainer@terra.com.br:203840
roseams@terra.com.br:Safira273
terciobarbosa@terra.com.br:368047
mariadapazlima@terra.com.br:25252525
fiberwan@terra.com.br:ze883968
ilzajm@ig.com.br:200163
fzyws@21cn.com:811231
monica@worldwideproperties.com:Monica2016
fzyws@21cn.com:811231
lfa.bh@terra.com.br:lmgeral1
monica@worldwideproperties.com:Monica2016
singlink@21cn.com:614015
singlink@21cn.com:614015
nmelroyvdberg@tele2.nl:vdv344329
nmelroyvdberg@tele2.nl:vdv344329
guga.gut@a1.net:Karibik
nmelroyvdberg@tele2.nl:vdv344329
guga.gut@a1.net:Karibik
binze1978@aliyun.com:binze54261314
naseev@lds.net.ua:faa235uh
raul.fernandes@r7.com:170477
evamaria.lsto@a1.net:Eva170296
binze1978@aliyun.com:binze54261314
guga.gut@a1.net:Karibik
raul.fernandes@r7.com:170477
naseev@lds.net.ua:faa235uh
njean.casabianca@wanadoo.fr:pinguin1A
njean.casabianca@wanadoo.fr:pinguin1A
ronald.fileki@a1.net:filekiro
ronald.fileki@a1.net:filekiro
stacey@lds.net.ua:hxz151ub
ngentty123@hrbeu.edu.cn:yifly123
geanriver@ibest.com.br:3376363
ronald.fileki@a1.net:filekiro
stacey@lds.net.ua:hxz151ub
ngentty123@hrbeu.edu.cn:yifly123
geanriver@ibest.com.br:3376363
stacey@lds.net.ua:hxz151ub
ngentty123@hrbeu.edu.cn:yifly123
geanriver@ibest.com.br:3376363
stacey@lds.net.ua:hxz151ub
ngentty123@hrbeu.edu.cn:yifly123
stacey@lds.net.ua:hxz151ub
ngentty123@hrbeu.edu.cn:yifly123
stacey@lds.net.ua:hxz151ub
ngentty123@hrbeu.edu.cn:yifly123
tecprinter@terra.com.br:812411
tecprinter@terra.com.br:812411
tecprinter@terra.com.br:812411
vendas.kyrios@terra.com.br:uniforme123
vendas.kyrios@terra.com.br:uniforme123
rone.1@terra.com.br:Eunaosei
ruggerosaccon@micso.net:mirella70
vendas.kyrios@terra.com.br:uniforme123
rone.1@terra.com.br:Eunaosei
ruggerosaccon@micso.net:mirella70
rone.1@terra.com.br:Eunaosei
ruggerosaccon@micso.net:mirella70
nriederjosef@t-online.de:Jupiterstern1
nriederjosef@t-online.de:Jupiterstern1
